question,answer
"Hello, how are you?","I am fine, thank you! How can I assist you?"
What's your name?,I am a chatbot created to help you.
What can you do?,"I can answer questions, provide information, and assist with coding queries."
Tell me a joke,Why don’t skeletons fight each other? Because they don’t have the guts!
What’s the weather like today?,"I can’t check the weather, but you can try an online weather service!"
"Hello, how are you?","I am fine, thank you! How can I assist you?"
What's your name?,I am a chatbot created to help you.
What can you do?,"I can answer questions, provide information, and assist with coding queries."
Tell me a joke,Why don’t skeletons fight each other? Because they don’t have the guts!
What’s the weather like today?,"I can’t check the weather, but you can try an online weather service!"
"Hello, how are you?","I am fine, thank you! How can I assist you?"
What's your name?,I am a chatbot created to help you.
What can you do?,"I can answer questions, provide information, and assist with coding queries."
Tell me a joke,Why don’t skeletons fight each other? Because they don’t have the guts!
What’s the weather like today?,"I can’t check the weather, but you can try an online weather service!"
"Hello, how are you?","I am fine, thank you! How can I assist you?"
What's your name?,I am a chatbot created to help you.
What can you do?,"I can answer questions, provide information, and assist with coding queries."
Tell me a joke,Why don’t skeletons fight each other? Because they don’t have the guts!
What’s the weather like today?,"I can’t check the weather, but you can try an online weather service!"
"Hello, how are you?","I am fine, thank you! How can I assist you?"
What's your name?,I am a chatbot created to help you.
What can you do?,"I can answer questions, provide information, and assist with coding queries."
Tell me a joke,Why don’t skeletons fight each other? Because they don’t have the guts!
What’s the weather like today?,"I can’t check the weather, but you can try an online weather service!"
"Hello, how are you?","I am fine, thank you! How can I assist you?"
What's your name?,I am a chatbot created to help you.
What can you do?,"I can answer questions, provide information, and assist with coding queries."
Tell me a joke,Why don’t skeletons fight each other? Because they don’t have the guts!
What’s the weather like today?,"I can’t check the weather, but you can try an online weather service!"
"Hello, how are you?","I am fine, thank you! How can I assist you?"
What's your name?,I am a chatbot created to help you.
What can you do?,"I can answer questions, provide information, and assist with coding queries."
Tell me a joke,Why don’t skeletons fight each other? Because they don’t have the guts!
What’s the weather like today?,"I can’t check the weather, but you can try an online weather service!"
"Hello, how are you?","I am fine, thank you! How can I assist you?"
What's your name?,I am a chatbot created to help you.
What can you do?,"I can answer questions, provide information, and assist with coding queries."
Tell me a joke,Why don’t skeletons fight each other? Because they don’t have the guts!
What’s the weather like today?,"I can’t check the weather, but you can try an online weather service!"
"Hello, how are you?","I am fine, thank you! How can I assist you?"
What's your name?,I am a chatbot created to help you.
What can you do?,"I can answer questions, provide information, and assist with coding queries."
Tell me a joke,Why don’t skeletons fight each other? Because they don’t have the guts!
What’s the weather like today?,"I can’t check the weather, but you can try an online weather service!"
"Hello, how are you?","I am fine, thank you! How can I assist you?"
What's your name?,I am a chatbot created to help you.
What can you do?,"I can answer questions, provide information, and assist with coding queries."
Tell me a joke,Why don’t skeletons fight each other? Because they don’t have the guts!
What’s the weather like today?,"I can’t check the weather, but you can try an online weather service!"
"Hello, how are you?","I am fine, thank you! How can I assist you?"
What's your name?,I am a chatbot created to help you.
What can you do?,"I can answer questions, provide information, and assist with coding queries."
Tell me a joke,Why don’t skeletons fight each other? Because they don’t have the guts!
What’s the weather like today?,"I can’t check the weather, but you can try an online weather service!"
"Hello, how are you?","I am fine, thank you! How can I assist you?"
What's your name?,I am a chatbot created to help you.
What can you do?,"I can answer questions, provide information, and assist with coding queries."
Tell me a joke,Why don’t skeletons fight each other? Because they don’t have the guts!
What’s the weather like today?,"I can’t check the weather, but you can try an online weather service!"
"Hello, how are you?","I am fine, thank you! How can I assist you?"
What's your name?,I am a chatbot created to help you.
What can you do?,"I can answer questions, provide information, and assist with coding queries."
Tell me a joke,Why don’t skeletons fight each other? Because they don’t have the guts!
What’s the weather like today?,"I can’t check the weather, but you can try an online weather service!"
"Hello, how are you?","I am fine, thank you! How can I assist you?"
What's your name?,I am a chatbot created to help you.
What can you do?,"I can answer questions, provide information, and assist with coding queries."
Tell me a joke,Why don’t skeletons fight each other? Because they don’t have the guts!
What’s the weather like today?,"I can’t check the weather, but you can try an online weather service!"
"Hello, how are you?","I am fine, thank you! How can I assist you?"
What's your name?,I am a chatbot created to help you.
What can you do?,"I can answer questions, provide information, and assist with coding queries."
Tell me a joke,Why don’t skeletons fight each other? Because they don’t have the guts!
What’s the weather like today?,"I can’t check the weather, but you can try an online weather service!"
"Hello, how are you?","I am fine, thank you! How can I assist you?"
What's your name?,I am a chatbot created to help you.
What can you do?,"I can answer questions, provide information, and assist with coding queries."
Tell me a joke,Why don’t skeletons fight each other? Because they don’t have the guts!
What’s the weather like today?,"I can’t check the weather, but you can try an online weather service!"
"Hello, how are you?","I am fine, thank you! How can I assist you?"
What's your name?,I am a chatbot created to help you.
What can you do?,"I can answer questions, provide information, and assist with coding queries."
Tell me a joke,Why don’t skeletons fight each other? Because they don’t have the guts!
What’s the weather like today?,"I can’t check the weather, but you can try an online weather service!"
"Hello, how are you?","I am fine, thank you! How can I assist you?"
What's your name?,I am a chatbot created to help you.
What can you do?,"I can answer questions, provide information, and assist with coding queries."
Tell me a joke,Why don’t skeletons fight each other? Because they don’t have the guts!
What’s the weather like today?,"I can’t check the weather, but you can try an online weather service!"
"Hello, how are you?","I am fine, thank you! How can I assist you?"
What's your name?,I am a chatbot created to help you.
What can you do?,"I can answer questions, provide information, and assist with coding queries."
Tell me a joke,Why don’t skeletons fight each other? Because they don’t have the guts!
What’s the weather like today?,"I can’t check the weather, but you can try an online weather service!"
"Hello, how are you?","I am fine, thank you! How can I assist you?"
What's your name?,I am a chatbot created to help you.
What can you do?,"I can answer questions, provide information, and assist with coding queries."
Tell me a joke,Why don’t skeletons fight each other? Because they don’t have the guts!
What’s the weather like today?,"I can’t check the weather, but you can try an online weather service!"
"Hello, how are you?","I am fine, thank you! How can I assist you?"
What's your name?,I am a chatbot created to help you.
What can you do?,"I can answer questions, provide information, and assist with coding queries."
Tell me a joke,Why don’t skeletons fight each other? Because they don’t have the guts!
What’s the weather like today?,"I can’t check the weather, but you can try an online weather service!"
"Hello, how are you?","I am fine, thank you! How can I assist you?"
What's your name?,I am a chatbot created to help you.
What can you do?,"I can answer questions, provide information, and assist with coding queries."
Tell me a joke,Why don’t skeletons fight each other? Because they don’t have the guts!
What’s the weather like today?,"I can’t check the weather, but you can try an online weather service!"
"Hello, how are you?","I am fine, thank you! How can I assist you?"
What's your name?,I am a chatbot created to help you.
What can you do?,"I can answer questions, provide information, and assist with coding queries."
Tell me a joke,Why don’t skeletons fight each other? Because they don’t have the guts!
What’s the weather like today?,"I can’t check the weather, but you can try an online weather service!"
"Hello, how are you?","I am fine, thank you! How can I assist you?"
What's your name?,I am a chatbot created to help you.
What can you do?,"I can answer questions, provide information, and assist with coding queries."
Tell me a joke,Why don’t skeletons fight each other? Because they don’t have the guts!
What’s the weather like today?,"I can’t check the weather, but you can try an online weather service!"
"Hello, how are you?","I am fine, thank you! How can I assist you?"
What's your name?,I am a chatbot created to help you.
What can you do?,"I can answer questions, provide information, and assist with coding queries."
Tell me a joke,Why don’t skeletons fight each other? Because they don’t have the guts!
What’s the weather like today?,"I can’t check the weather, but you can try an online weather service!"
"Hello, how are you?","I am fine, thank you! How can I assist you?"
What's your name?,I am a chatbot created to help you.
What can you do?,"I can answer questions, provide information, and assist with coding queries."
Tell me a joke,Why don’t skeletons fight each other? Because they don’t have the guts!
What’s the weather like today?,"I can’t check the weather, but you can try an online weather service!"
"Hello, how are you?","I am fine, thank you! How can I assist you?"
What's your name?,I am a chatbot created to help you.
What can you do?,"I can answer questions, provide information, and assist with coding queries."
Tell me a joke,Why don’t skeletons fight each other? Because they don’t have the guts!
What’s the weather like today?,"I can’t check the weather, but you can try an online weather service!"
"Hello, how are you?","I am fine, thank you! How can I assist you?"
What's your name?,I am a chatbot created to help you.
What can you do?,"I can answer questions, provide information, and assist with coding queries."
Tell me a joke,Why don’t skeletons fight each other? Because they don’t have the guts!
What’s the weather like today?,"I can’t check the weather, but you can try an online weather service!"
"Hello, how are you?","I am fine, thank you! How can I assist you?"
What's your name?,I am a chatbot created to help you.
What can you do?,"I can answer questions, provide information, and assist with coding queries."
Tell me a joke,Why don’t skeletons fight each other? Because they don’t have the guts!
What’s the weather like today?,"I can’t check the weather, but you can try an online weather service!"
"Hello, how are you?","I am fine, thank you! How can I assist you?"
What's your name?,I am a chatbot created to help you.
What can you do?,"I can answer questions, provide information, and assist with coding queries."
Tell me a joke,Why don’t skeletons fight each other? Because they don’t have the guts!
What’s the weather like today?,"I can’t check the weather, but you can try an online weather service!"
"Hello, how are you?","I am fine, thank you! How can I assist you?"
What's your name?,I am a chatbot created to help you.
What can you do?,"I can answer questions, provide information, and assist with coding queries."
Tell me a joke,Why don’t skeletons fight each other? Because they don’t have the guts!
What’s the weather like today?,"I can’t check the weather, but you can try an online weather service!"
"Hello, how are you?","I am fine, thank you! How can I assist you?"
What's your name?,I am a chatbot created to help you.
What can you do?,"I can answer questions, provide information, and assist with coding queries."
Tell me a joke,Why don’t skeletons fight each other? Because they don’t have the guts!
What’s the weather like today?,"I can’t check the weather, but you can try an online weather service!"
"Hello, how are you?","I am fine, thank you! How can I assist you?"
What's your name?,I am a chatbot created to help you.
What can you do?,"I can answer questions, provide information, and assist with coding queries."
Tell me a joke,Why don’t skeletons fight each other? Because they don’t have the guts!
What’s the weather like today?,"I can’t check the weather, but you can try an online weather service!"
"Hello, how are you?","I am fine, thank you! How can I assist you?"
What's your name?,I am a chatbot created to help you.
What can you do?,"I can answer questions, provide information, and assist with coding queries."
Tell me a joke,Why don’t skeletons fight each other? Because they don’t have the guts!
What’s the weather like today?,"I can’t check the weather, but you can try an online weather service!"
"Hello, how are you?","I am fine, thank you! How can I assist you?"
What's your name?,I am a chatbot created to help you.
What can you do?,"I can answer questions, provide information, and assist with coding queries."
Tell me a joke,Why don’t skeletons fight each other? Because they don’t have the guts!
What’s the weather like today?,"I can’t check the weather, but you can try an online weather service!"
"Hello, how are you?","I am fine, thank you! How can I assist you?"
What's your name?,I am a chatbot created to help you.
What can you do?,"I can answer questions, provide information, and assist with coding queries."
Tell me a joke,Why don’t skeletons fight each other? Because they don’t have the guts!
What’s the weather like today?,"I can’t check the weather, but you can try an online weather service!"
"Hello, how are you?","I am fine, thank you! How can I assist you?"
What's your name?,I am a chatbot created to help you.
What can you do?,"I can answer questions, provide information, and assist with coding queries."
Tell me a joke,Why don’t skeletons fight each other? Because they don’t have the guts!
What’s the weather like today?,"I can’t check the weather, but you can try an online weather service!"
"Hello, how are you?","I am fine, thank you! How can I assist you?"
What's your name?,I am a chatbot created to help you.
What can you do?,"I can answer questions, provide information, and assist with coding queries."
Tell me a joke,Why don’t skeletons fight each other? Because they don’t have the guts!
What’s the weather like today?,"I can’t check the weather, but you can try an online weather service!"
"Hello, how are you?","I am fine, thank you! How can I assist you?"
What's your name?,I am a chatbot created to help you.
What can you do?,"I can answer questions, provide information, and assist with coding queries."
Tell me a joke,Why don’t skeletons fight each other? Because they don’t have the guts!
What’s the weather like today?,"I can’t check the weather, but you can try an online weather service!"
"Hello, how are you?","I am fine, thank you! How can I assist you?"
What's your name?,I am a chatbot created to help you.
What can you do?,"I can answer questions, provide information, and assist with coding queries."
Tell me a joke,Why don’t skeletons fight each other? Because they don’t have the guts!
What’s the weather like today?,"I can’t check the weather, but you can try an online weather service!"
What is Git?,Git is a distributed version control system for tracking changes in source code.
How do I create a Git repository?,Use 'git init' to initialize a new repository.
How do I clone a repository?,Use 'git clone <repository_url>' to copy a repository.
How do I commit changes in Git?,"Use 'git commit -m ""your message""' to save changes."
How do I push changes to GitHub?,Use 'git push origin branch_name' to upload changes.
What is Git?,Git is a distributed version control system for tracking changes in source code.
How do I create a Git repository?,Use 'git init' to initialize a new repository.
How do I clone a repository?,Use 'git clone <repository_url>' to copy a repository.
How do I commit changes in Git?,"Use 'git commit -m ""your message""' to save changes."
How do I push changes to GitHub?,Use 'git push origin branch_name' to upload changes.
What is Git?,Git is a distributed version control system for tracking changes in source code.
How do I create a Git repository?,Use 'git init' to initialize a new repository.
How do I clone a repository?,Use 'git clone <repository_url>' to copy a repository.
How do I commit changes in Git?,"Use 'git commit -m ""your message""' to save changes."
How do I push changes to GitHub?,Use 'git push origin branch_name' to upload changes.
What is Git?,Git is a distributed version control system for tracking changes in source code.
How do I create a Git repository?,Use 'git init' to initialize a new repository.
How do I clone a repository?,Use 'git clone <repository_url>' to copy a repository.
How do I commit changes in Git?,"Use 'git commit -m ""your message""' to save changes."
How do I push changes to GitHub?,Use 'git push origin branch_name' to upload changes.
What is Git?,Git is a distributed version control system for tracking changes in source code.
How do I create a Git repository?,Use 'git init' to initialize a new repository.
How do I clone a repository?,Use 'git clone <repository_url>' to copy a repository.
How do I commit changes in Git?,"Use 'git commit -m ""your message""' to save changes."
How do I push changes to GitHub?,Use 'git push origin branch_name' to upload changes.
What is Git?,Git is a distributed version control system for tracking changes in source code.
How do I create a Git repository?,Use 'git init' to initialize a new repository.
How do I clone a repository?,Use 'git clone <repository_url>' to copy a repository.
How do I commit changes in Git?,"Use 'git commit -m ""your message""' to save changes."
How do I push changes to GitHub?,Use 'git push origin branch_name' to upload changes.
What is Git?,Git is a distributed version control system for tracking changes in source code.
How do I create a Git repository?,Use 'git init' to initialize a new repository.
How do I clone a repository?,Use 'git clone <repository_url>' to copy a repository.
How do I commit changes in Git?,"Use 'git commit -m ""your message""' to save changes."
How do I push changes to GitHub?,Use 'git push origin branch_name' to upload changes.
What is Git?,Git is a distributed version control system for tracking changes in source code.
How do I create a Git repository?,Use 'git init' to initialize a new repository.
How do I clone a repository?,Use 'git clone <repository_url>' to copy a repository.
How do I commit changes in Git?,"Use 'git commit -m ""your message""' to save changes."
How do I push changes to GitHub?,Use 'git push origin branch_name' to upload changes.
What is Git?,Git is a distributed version control system for tracking changes in source code.
How do I create a Git repository?,Use 'git init' to initialize a new repository.
How do I clone a repository?,Use 'git clone <repository_url>' to copy a repository.
How do I commit changes in Git?,"Use 'git commit -m ""your message""' to save changes."
How do I push changes to GitHub?,Use 'git push origin branch_name' to upload changes.
What is Git?,Git is a distributed version control system for tracking changes in source code.
How do I create a Git repository?,Use 'git init' to initialize a new repository.
How do I clone a repository?,Use 'git clone <repository_url>' to copy a repository.
How do I commit changes in Git?,"Use 'git commit -m ""your message""' to save changes."
How do I push changes to GitHub?,Use 'git push origin branch_name' to upload changes.
What is Git?,Git is a distributed version control system for tracking changes in source code.
How do I create a Git repository?,Use 'git init' to initialize a new repository.
How do I clone a repository?,Use 'git clone <repository_url>' to copy a repository.
How do I commit changes in Git?,"Use 'git commit -m ""your message""' to save changes."
How do I push changes to GitHub?,Use 'git push origin branch_name' to upload changes.
What is Git?,Git is a distributed version control system for tracking changes in source code.
How do I create a Git repository?,Use 'git init' to initialize a new repository.
How do I clone a repository?,Use 'git clone <repository_url>' to copy a repository.
How do I commit changes in Git?,"Use 'git commit -m ""your message""' to save changes."
How do I push changes to GitHub?,Use 'git push origin branch_name' to upload changes.
What is Git?,Git is a distributed version control system for tracking changes in source code.
How do I create a Git repository?,Use 'git init' to initialize a new repository.
How do I clone a repository?,Use 'git clone <repository_url>' to copy a repository.
How do I commit changes in Git?,"Use 'git commit -m ""your message""' to save changes."
How do I push changes to GitHub?,Use 'git push origin branch_name' to upload changes.
What is Git?,Git is a distributed version control system for tracking changes in source code.
How do I create a Git repository?,Use 'git init' to initialize a new repository.
How do I clone a repository?,Use 'git clone <repository_url>' to copy a repository.
How do I commit changes in Git?,"Use 'git commit -m ""your message""' to save changes."
How do I push changes to GitHub?,Use 'git push origin branch_name' to upload changes.
What is Git?,Git is a distributed version control system for tracking changes in source code.
How do I create a Git repository?,Use 'git init' to initialize a new repository.
How do I clone a repository?,Use 'git clone <repository_url>' to copy a repository.
How do I commit changes in Git?,"Use 'git commit -m ""your message""' to save changes."
How do I push changes to GitHub?,Use 'git push origin branch_name' to upload changes.
What is Git?,Git is a distributed version control system for tracking changes in source code.
How do I create a Git repository?,Use 'git init' to initialize a new repository.
How do I clone a repository?,Use 'git clone <repository_url>' to copy a repository.
How do I commit changes in Git?,"Use 'git commit -m ""your message""' to save changes."
How do I push changes to GitHub?,Use 'git push origin branch_name' to upload changes.
What is Git?,Git is a distributed version control system for tracking changes in source code.
How do I create a Git repository?,Use 'git init' to initialize a new repository.
How do I clone a repository?,Use 'git clone <repository_url>' to copy a repository.
How do I commit changes in Git?,"Use 'git commit -m ""your message""' to save changes."
How do I push changes to GitHub?,Use 'git push origin branch_name' to upload changes.
What is Git?,Git is a distributed version control system for tracking changes in source code.
How do I create a Git repository?,Use 'git init' to initialize a new repository.
How do I clone a repository?,Use 'git clone <repository_url>' to copy a repository.
How do I commit changes in Git?,"Use 'git commit -m ""your message""' to save changes."
How do I push changes to GitHub?,Use 'git push origin branch_name' to upload changes.
What is Git?,Git is a distributed version control system for tracking changes in source code.
How do I create a Git repository?,Use 'git init' to initialize a new repository.
How do I clone a repository?,Use 'git clone <repository_url>' to copy a repository.
How do I commit changes in Git?,"Use 'git commit -m ""your message""' to save changes."
How do I push changes to GitHub?,Use 'git push origin branch_name' to upload changes.
What is Git?,Git is a distributed version control system for tracking changes in source code.
How do I create a Git repository?,Use 'git init' to initialize a new repository.
How do I clone a repository?,Use 'git clone <repository_url>' to copy a repository.
How do I commit changes in Git?,"Use 'git commit -m ""your message""' to save changes."
How do I push changes to GitHub?,Use 'git push origin branch_name' to upload changes.
What is Git?,Git is a distributed version control system for tracking changes in source code.
How do I create a Git repository?,Use 'git init' to initialize a new repository.
How do I clone a repository?,Use 'git clone <repository_url>' to copy a repository.
How do I commit changes in Git?,"Use 'git commit -m ""your message""' to save changes."
How do I push changes to GitHub?,Use 'git push origin branch_name' to upload changes.
What is Git?,Git is a distributed version control system for tracking changes in source code.
How do I create a Git repository?,Use 'git init' to initialize a new repository.
How do I clone a repository?,Use 'git clone <repository_url>' to copy a repository.
How do I commit changes in Git?,"Use 'git commit -m ""your message""' to save changes."
How do I push changes to GitHub?,Use 'git push origin branch_name' to upload changes.
What is Git?,Git is a distributed version control system for tracking changes in source code.
How do I create a Git repository?,Use 'git init' to initialize a new repository.
How do I clone a repository?,Use 'git clone <repository_url>' to copy a repository.
How do I commit changes in Git?,"Use 'git commit -m ""your message""' to save changes."
How do I push changes to GitHub?,Use 'git push origin branch_name' to upload changes.
What is Git?,Git is a distributed version control system for tracking changes in source code.
How do I create a Git repository?,Use 'git init' to initialize a new repository.
How do I clone a repository?,Use 'git clone <repository_url>' to copy a repository.
How do I commit changes in Git?,"Use 'git commit -m ""your message""' to save changes."
How do I push changes to GitHub?,Use 'git push origin branch_name' to upload changes.
What is Git?,Git is a distributed version control system for tracking changes in source code.
How do I create a Git repository?,Use 'git init' to initialize a new repository.
How do I clone a repository?,Use 'git clone <repository_url>' to copy a repository.
How do I commit changes in Git?,"Use 'git commit -m ""your message""' to save changes."
How do I push changes to GitHub?,Use 'git push origin branch_name' to upload changes.
What is Git?,Git is a distributed version control system for tracking changes in source code.
How do I create a Git repository?,Use 'git init' to initialize a new repository.
How do I clone a repository?,Use 'git clone <repository_url>' to copy a repository.
How do I commit changes in Git?,"Use 'git commit -m ""your message""' to save changes."
How do I push changes to GitHub?,Use 'git push origin branch_name' to upload changes.
What is Git?,Git is a distributed version control system for tracking changes in source code.
How do I create a Git repository?,Use 'git init' to initialize a new repository.
How do I clone a repository?,Use 'git clone <repository_url>' to copy a repository.
How do I commit changes in Git?,"Use 'git commit -m ""your message""' to save changes."
How do I push changes to GitHub?,Use 'git push origin branch_name' to upload changes.
What is Git?,Git is a distributed version control system for tracking changes in source code.
How do I create a Git repository?,Use 'git init' to initialize a new repository.
How do I clone a repository?,Use 'git clone <repository_url>' to copy a repository.
How do I commit changes in Git?,"Use 'git commit -m ""your message""' to save changes."
How do I push changes to GitHub?,Use 'git push origin branch_name' to upload changes.
What is Git?,Git is a distributed version control system for tracking changes in source code.
How do I create a Git repository?,Use 'git init' to initialize a new repository.
How do I clone a repository?,Use 'git clone <repository_url>' to copy a repository.
How do I commit changes in Git?,"Use 'git commit -m ""your message""' to save changes."
How do I push changes to GitHub?,Use 'git push origin branch_name' to upload changes.
What is Git?,Git is a distributed version control system for tracking changes in source code.
How do I create a Git repository?,Use 'git init' to initialize a new repository.
How do I clone a repository?,Use 'git clone <repository_url>' to copy a repository.
How do I commit changes in Git?,"Use 'git commit -m ""your message""' to save changes."
How do I push changes to GitHub?,Use 'git push origin branch_name' to upload changes.
What is Git?,Git is a distributed version control system for tracking changes in source code.
How do I create a Git repository?,Use 'git init' to initialize a new repository.
How do I clone a repository?,Use 'git clone <repository_url>' to copy a repository.
How do I commit changes in Git?,"Use 'git commit -m ""your message""' to save changes."
How do I push changes to GitHub?,Use 'git push origin branch_name' to upload changes.
What is Git?,Git is a distributed version control system for tracking changes in source code.
How do I create a Git repository?,Use 'git init' to initialize a new repository.
How do I clone a repository?,Use 'git clone <repository_url>' to copy a repository.
How do I commit changes in Git?,"Use 'git commit -m ""your message""' to save changes."
How do I push changes to GitHub?,Use 'git push origin branch_name' to upload changes.
What is Git?,Git is a distributed version control system for tracking changes in source code.
How do I create a Git repository?,Use 'git init' to initialize a new repository.
How do I clone a repository?,Use 'git clone <repository_url>' to copy a repository.
How do I commit changes in Git?,"Use 'git commit -m ""your message""' to save changes."
How do I push changes to GitHub?,Use 'git push origin branch_name' to upload changes.
What is Git?,Git is a distributed version control system for tracking changes in source code.
How do I create a Git repository?,Use 'git init' to initialize a new repository.
How do I clone a repository?,Use 'git clone <repository_url>' to copy a repository.
How do I commit changes in Git?,"Use 'git commit -m ""your message""' to save changes."
How do I push changes to GitHub?,Use 'git push origin branch_name' to upload changes.
What is Git?,Git is a distributed version control system for tracking changes in source code.
How do I create a Git repository?,Use 'git init' to initialize a new repository.
How do I clone a repository?,Use 'git clone <repository_url>' to copy a repository.
How do I commit changes in Git?,"Use 'git commit -m ""your message""' to save changes."
How do I push changes to GitHub?,Use 'git push origin branch_name' to upload changes.
What is Git?,Git is a distributed version control system for tracking changes in source code.
How do I create a Git repository?,Use 'git init' to initialize a new repository.
How do I clone a repository?,Use 'git clone <repository_url>' to copy a repository.
How do I commit changes in Git?,"Use 'git commit -m ""your message""' to save changes."
How do I push changes to GitHub?,Use 'git push origin branch_name' to upload changes.
What is Git?,Git is a distributed version control system for tracking changes in source code.
How do I create a Git repository?,Use 'git init' to initialize a new repository.
How do I clone a repository?,Use 'git clone <repository_url>' to copy a repository.
How do I commit changes in Git?,"Use 'git commit -m ""your message""' to save changes."
How do I push changes to GitHub?,Use 'git push origin branch_name' to upload changes.
What is Git?,Git is a distributed version control system for tracking changes in source code.
How do I create a Git repository?,Use 'git init' to initialize a new repository.
How do I clone a repository?,Use 'git clone <repository_url>' to copy a repository.
How do I commit changes in Git?,"Use 'git commit -m ""your message""' to save changes."
How do I push changes to GitHub?,Use 'git push origin branch_name' to upload changes.
What is Git?,Git is a distributed version control system for tracking changes in source code.
How do I create a Git repository?,Use 'git init' to initialize a new repository.
How do I clone a repository?,Use 'git clone <repository_url>' to copy a repository.
How do I commit changes in Git?,"Use 'git commit -m ""your message""' to save changes."
How do I push changes to GitHub?,Use 'git push origin branch_name' to upload changes.
What is Git?,Git is a distributed version control system for tracking changes in source code.
How do I create a Git repository?,Use 'git init' to initialize a new repository.
How do I clone a repository?,Use 'git clone <repository_url>' to copy a repository.
How do I commit changes in Git?,"Use 'git commit -m ""your message""' to save changes."
How do I push changes to GitHub?,Use 'git push origin branch_name' to upload changes.
What is Python?,"Python is a high-level, interpreted programming language known for its simplicity."
How do I define a function in Python?,Use 'def function_name():' to define a function.
What is an API?,An API (Application Programming Interface) allows communication between software applications.
How do I handle exceptions in Python?,Use try-except blocks to catch and handle exceptions.
What is recursion?,Recursion is a function calling itself to solve smaller instances of a problem.
What is Python?,"Python is a high-level, interpreted programming language known for its simplicity."
How do I define a function in Python?,Use 'def function_name():' to define a function.
What is an API?,An API (Application Programming Interface) allows communication between software applications.
How do I handle exceptions in Python?,Use try-except blocks to catch and handle exceptions.
What is recursion?,Recursion is a function calling itself to solve smaller instances of a problem.
What is Python?,"Python is a high-level, interpreted programming language known for its simplicity."
How do I define a function in Python?,Use 'def function_name():' to define a function.
What is an API?,An API (Application Programming Interface) allows communication between software applications.
How do I handle exceptions in Python?,Use try-except blocks to catch and handle exceptions.
What is recursion?,Recursion is a function calling itself to solve smaller instances of a problem.
What is Python?,"Python is a high-level, interpreted programming language known for its simplicity."
How do I define a function in Python?,Use 'def function_name():' to define a function.
What is an API?,An API (Application Programming Interface) allows communication between software applications.
How do I handle exceptions in Python?,Use try-except blocks to catch and handle exceptions.
What is recursion?,Recursion is a function calling itself to solve smaller instances of a problem.
What is Python?,"Python is a high-level, interpreted programming language known for its simplicity."
How do I define a function in Python?,Use 'def function_name():' to define a function.
What is an API?,An API (Application Programming Interface) allows communication between software applications.
How do I handle exceptions in Python?,Use try-except blocks to catch and handle exceptions.
What is recursion?,Recursion is a function calling itself to solve smaller instances of a problem.
What is Python?,"Python is a high-level, interpreted programming language known for its simplicity."
How do I define a function in Python?,Use 'def function_name():' to define a function.
What is an API?,An API (Application Programming Interface) allows communication between software applications.
How do I handle exceptions in Python?,Use try-except blocks to catch and handle exceptions.
What is recursion?,Recursion is a function calling itself to solve smaller instances of a problem.
What is Python?,"Python is a high-level, interpreted programming language known for its simplicity."
How do I define a function in Python?,Use 'def function_name():' to define a function.
What is an API?,An API (Application Programming Interface) allows communication between software applications.
How do I handle exceptions in Python?,Use try-except blocks to catch and handle exceptions.
What is recursion?,Recursion is a function calling itself to solve smaller instances of a problem.
What is Python?,"Python is a high-level, interpreted programming language known for its simplicity."
How do I define a function in Python?,Use 'def function_name():' to define a function.
What is an API?,An API (Application Programming Interface) allows communication between software applications.
How do I handle exceptions in Python?,Use try-except blocks to catch and handle exceptions.
What is recursion?,Recursion is a function calling itself to solve smaller instances of a problem.
What is Python?,"Python is a high-level, interpreted programming language known for its simplicity."
How do I define a function in Python?,Use 'def function_name():' to define a function.
What is an API?,An API (Application Programming Interface) allows communication between software applications.
How do I handle exceptions in Python?,Use try-except blocks to catch and handle exceptions.
What is recursion?,Recursion is a function calling itself to solve smaller instances of a problem.
What is Python?,"Python is a high-level, interpreted programming language known for its simplicity."
How do I define a function in Python?,Use 'def function_name():' to define a function.
What is an API?,An API (Application Programming Interface) allows communication between software applications.
How do I handle exceptions in Python?,Use try-except blocks to catch and handle exceptions.
What is recursion?,Recursion is a function calling itself to solve smaller instances of a problem.
What is Python?,"Python is a high-level, interpreted programming language known for its simplicity."
How do I define a function in Python?,Use 'def function_name():' to define a function.
What is an API?,An API (Application Programming Interface) allows communication between software applications.
How do I handle exceptions in Python?,Use try-except blocks to catch and handle exceptions.
What is recursion?,Recursion is a function calling itself to solve smaller instances of a problem.
What is Python?,"Python is a high-level, interpreted programming language known for its simplicity."
How do I define a function in Python?,Use 'def function_name():' to define a function.
What is an API?,An API (Application Programming Interface) allows communication between software applications.
How do I handle exceptions in Python?,Use try-except blocks to catch and handle exceptions.
What is recursion?,Recursion is a function calling itself to solve smaller instances of a problem.
What is Python?,"Python is a high-level, interpreted programming language known for its simplicity."
How do I define a function in Python?,Use 'def function_name():' to define a function.
What is an API?,An API (Application Programming Interface) allows communication between software applications.
How do I handle exceptions in Python?,Use try-except blocks to catch and handle exceptions.
What is recursion?,Recursion is a function calling itself to solve smaller instances of a problem.
What is Python?,"Python is a high-level, interpreted programming language known for its simplicity."
How do I define a function in Python?,Use 'def function_name():' to define a function.
What is an API?,An API (Application Programming Interface) allows communication between software applications.
How do I handle exceptions in Python?,Use try-except blocks to catch and handle exceptions.
What is recursion?,Recursion is a function calling itself to solve smaller instances of a problem.
What is Python?,"Python is a high-level, interpreted programming language known for its simplicity."
How do I define a function in Python?,Use 'def function_name():' to define a function.
What is an API?,An API (Application Programming Interface) allows communication between software applications.
How do I handle exceptions in Python?,Use try-except blocks to catch and handle exceptions.
What is recursion?,Recursion is a function calling itself to solve smaller instances of a problem.
What is Python?,"Python is a high-level, interpreted programming language known for its simplicity."
How do I define a function in Python?,Use 'def function_name():' to define a function.
What is an API?,An API (Application Programming Interface) allows communication between software applications.
How do I handle exceptions in Python?,Use try-except blocks to catch and handle exceptions.
What is recursion?,Recursion is a function calling itself to solve smaller instances of a problem.
What is Python?,"Python is a high-level, interpreted programming language known for its simplicity."
How do I define a function in Python?,Use 'def function_name():' to define a function.
What is an API?,An API (Application Programming Interface) allows communication between software applications.
How do I handle exceptions in Python?,Use try-except blocks to catch and handle exceptions.
What is recursion?,Recursion is a function calling itself to solve smaller instances of a problem.
What is Python?,"Python is a high-level, interpreted programming language known for its simplicity."
How do I define a function in Python?,Use 'def function_name():' to define a function.
What is an API?,An API (Application Programming Interface) allows communication between software applications.
How do I handle exceptions in Python?,Use try-except blocks to catch and handle exceptions.
What is recursion?,Recursion is a function calling itself to solve smaller instances of a problem.
What is Python?,"Python is a high-level, interpreted programming language known for its simplicity."
How do I define a function in Python?,Use 'def function_name():' to define a function.
What is an API?,An API (Application Programming Interface) allows communication between software applications.
How do I handle exceptions in Python?,Use try-except blocks to catch and handle exceptions.
What is recursion?,Recursion is a function calling itself to solve smaller instances of a problem.
What is Python?,"Python is a high-level, interpreted programming language known for its simplicity."
How do I define a function in Python?,Use 'def function_name():' to define a function.
What is an API?,An API (Application Programming Interface) allows communication between software applications.
How do I handle exceptions in Python?,Use try-except blocks to catch and handle exceptions.
What is recursion?,Recursion is a function calling itself to solve smaller instances of a problem.
What is Python?,"Python is a high-level, interpreted programming language known for its simplicity."
How do I define a function in Python?,Use 'def function_name():' to define a function.
What is an API?,An API (Application Programming Interface) allows communication between software applications.
How do I handle exceptions in Python?,Use try-except blocks to catch and handle exceptions.
What is recursion?,Recursion is a function calling itself to solve smaller instances of a problem.
What is Python?,"Python is a high-level, interpreted programming language known for its simplicity."
How do I define a function in Python?,Use 'def function_name():' to define a function.
What is an API?,An API (Application Programming Interface) allows communication between software applications.
How do I handle exceptions in Python?,Use try-except blocks to catch and handle exceptions.
What is recursion?,Recursion is a function calling itself to solve smaller instances of a problem.
What is Python?,"Python is a high-level, interpreted programming language known for its simplicity."
How do I define a function in Python?,Use 'def function_name():' to define a function.
What is an API?,An API (Application Programming Interface) allows communication between software applications.
How do I handle exceptions in Python?,Use try-except blocks to catch and handle exceptions.
What is recursion?,Recursion is a function calling itself to solve smaller instances of a problem.
What is Python?,"Python is a high-level, interpreted programming language known for its simplicity."
How do I define a function in Python?,Use 'def function_name():' to define a function.
What is an API?,An API (Application Programming Interface) allows communication between software applications.
How do I handle exceptions in Python?,Use try-except blocks to catch and handle exceptions.
What is recursion?,Recursion is a function calling itself to solve smaller instances of a problem.
What is Python?,"Python is a high-level, interpreted programming language known for its simplicity."
How do I define a function in Python?,Use 'def function_name():' to define a function.
What is an API?,An API (Application Programming Interface) allows communication between software applications.
How do I handle exceptions in Python?,Use try-except blocks to catch and handle exceptions.
What is recursion?,Recursion is a function calling itself to solve smaller instances of a problem.
What is Python?,"Python is a high-level, interpreted programming language known for its simplicity."
How do I define a function in Python?,Use 'def function_name():' to define a function.
What is an API?,An API (Application Programming Interface) allows communication between software applications.
How do I handle exceptions in Python?,Use try-except blocks to catch and handle exceptions.
What is recursion?,Recursion is a function calling itself to solve smaller instances of a problem.
What is Python?,"Python is a high-level, interpreted programming language known for its simplicity."
How do I define a function in Python?,Use 'def function_name():' to define a function.
What is an API?,An API (Application Programming Interface) allows communication between software applications.
How do I handle exceptions in Python?,Use try-except blocks to catch and handle exceptions.
What is recursion?,Recursion is a function calling itself to solve smaller instances of a problem.
What is Python?,"Python is a high-level, interpreted programming language known for its simplicity."
How do I define a function in Python?,Use 'def function_name():' to define a function.
What is an API?,An API (Application Programming Interface) allows communication between software applications.
How do I handle exceptions in Python?,Use try-except blocks to catch and handle exceptions.
What is recursion?,Recursion is a function calling itself to solve smaller instances of a problem.
What is Python?,"Python is a high-level, interpreted programming language known for its simplicity."
How do I define a function in Python?,Use 'def function_name():' to define a function.
What is an API?,An API (Application Programming Interface) allows communication between software applications.
How do I handle exceptions in Python?,Use try-except blocks to catch and handle exceptions.
What is recursion?,Recursion is a function calling itself to solve smaller instances of a problem.
What is Python?,"Python is a high-level, interpreted programming language known for its simplicity."
How do I define a function in Python?,Use 'def function_name():' to define a function.
What is an API?,An API (Application Programming Interface) allows communication between software applications.
How do I handle exceptions in Python?,Use try-except blocks to catch and handle exceptions.
What is recursion?,Recursion is a function calling itself to solve smaller instances of a problem.
What is Python?,"Python is a high-level, interpreted programming language known for its simplicity."
How do I define a function in Python?,Use 'def function_name():' to define a function.
What is an API?,An API (Application Programming Interface) allows communication between software applications.
How do I handle exceptions in Python?,Use try-except blocks to catch and handle exceptions.
What is recursion?,Recursion is a function calling itself to solve smaller instances of a problem.
What is Python?,"Python is a high-level, interpreted programming language known for its simplicity."
How do I define a function in Python?,Use 'def function_name():' to define a function.
What is an API?,An API (Application Programming Interface) allows communication between software applications.
How do I handle exceptions in Python?,Use try-except blocks to catch and handle exceptions.
What is recursion?,Recursion is a function calling itself to solve smaller instances of a problem.
What is Python?,"Python is a high-level, interpreted programming language known for its simplicity."
How do I define a function in Python?,Use 'def function_name():' to define a function.
What is an API?,An API (Application Programming Interface) allows communication between software applications.
How do I handle exceptions in Python?,Use try-except blocks to catch and handle exceptions.
What is recursion?,Recursion is a function calling itself to solve smaller instances of a problem.
What is Python?,"Python is a high-level, interpreted programming language known for its simplicity."
How do I define a function in Python?,Use 'def function_name():' to define a function.
What is an API?,An API (Application Programming Interface) allows communication between software applications.
How do I handle exceptions in Python?,Use try-except blocks to catch and handle exceptions.
What is recursion?,Recursion is a function calling itself to solve smaller instances of a problem.
What is Python?,"Python is a high-level, interpreted programming language known for its simplicity."
How do I define a function in Python?,Use 'def function_name():' to define a function.
What is an API?,An API (Application Programming Interface) allows communication between software applications.
How do I handle exceptions in Python?,Use try-except blocks to catch and handle exceptions.
What is recursion?,Recursion is a function calling itself to solve smaller instances of a problem.
What is Python?,"Python is a high-level, interpreted programming language known for its simplicity."
How do I define a function in Python?,Use 'def function_name():' to define a function.
What is an API?,An API (Application Programming Interface) allows communication between software applications.
How do I handle exceptions in Python?,Use try-except blocks to catch and handle exceptions.
What is recursion?,Recursion is a function calling itself to solve smaller instances of a problem.
What is Python?,"Python is a high-level, interpreted programming language known for its simplicity."
How do I define a function in Python?,Use 'def function_name():' to define a function.
What is an API?,An API (Application Programming Interface) allows communication between software applications.
How do I handle exceptions in Python?,Use try-except blocks to catch and handle exceptions.
What is recursion?,Recursion is a function calling itself to solve smaller instances of a problem.
What is Python?,"Python is a high-level, interpreted programming language known for its simplicity."
How do I define a function in Python?,Use 'def function_name():' to define a function.
What is an API?,An API (Application Programming Interface) allows communication between software applications.
How do I handle exceptions in Python?,Use try-except blocks to catch and handle exceptions.
What is recursion?,Recursion is a function calling itself to solve smaller instances of a problem.
What is Python?,"Python is a high-level, interpreted programming language known for its simplicity."
How do I define a function in Python?,Use 'def function_name():' to define a function.
What is an API?,An API (Application Programming Interface) allows communication between software applications.
How do I handle exceptions in Python?,Use try-except blocks to catch and handle exceptions.
What is recursion?,Recursion is a function calling itself to solve smaller instances of a problem.
What is Python?,"Python is a high-level, interpreted programming language known for its simplicity."
How do I define a function in Python?,Use 'def function_name():' to define a function.
What is an API?,An API (Application Programming Interface) allows communication between software applications.
How do I handle exceptions in Python?,Use try-except blocks to catch and handle exceptions.
What is recursion?,Recursion is a function calling itself to solve smaller instances of a problem.
